system,n_elements,sigma_y_UB_MPa,prunable
Nb-Ta,2,1.54135115760437e-12,True
Mo-W,2,5.6236370996852605,True
Nb-Ti,2,9.127434074639412,True
Ta-Ti,2,30.76198650049599,True
V-Cr,2,129.7159769385118,True
Nb-V,2,178.42242714774684,True
Ti-W,2,182.08157228381373,True
Mo-Ti,2,190.3977414733695,True
V-Ti,2,368.35256260675095,True
Nb-Ta-Ti,3,33.07832782959145,True
Mo-Ti-W,3,332.8924224067524,True
